{
  "code": 0,
  "msg": "",
  "data": [
    {
      "title": "后台首页",
      "icon": "layui-icon-home",
      "jump": "/"
    },
    {
      "name": "setting",
      "title": "后台设置",
      "icon": "layui-icon-set",
      "list": [
        {
          "name": "system",
          "title": "全局设置",
          "jump": "/setting/system"
        },
        {
          "name": "content",
          "title": "内容设置",
          "jump": "/setting/content"
        },
        {
          "name": "contact",
          "title": "联系方式设置",
          "jump": "/setting/contact"
        },
        {
          "name": "index",
          "title": "首页TDK设置",
          "jump": "/setting/index"
        },
        {
          "name": "nav",
          "title": "导航设置",
          "jump": "/setting/nav"
        }
      ]
    },
    {
      "name": "content",
      "title": "内容管理",
      "icon": "layui-icon-template",
      "spread": true,
      "list": [
        {
          "name": "article",
          "title": "文章管理"
        },
        {
          "name": "product",
          "title": "产品管理"
        },
        {
          "name": "category",
          "title": "分类管理"
        },
        {
          "name": "attachment",
          "title": "图片资源管理"
        }
      ]
    },
    {
      "name": "plugin",
      "title": "功能管理",
      "icon": "layui-icon-app",
      "list": [
        {
          "name": "rewrite",
          "title": "伪静态规则管理"
        },
        {
          "name": "push",
          "title": "搜索引擎推送管理"
        },
        {
          "name": "sitemap",
          "title": "Sitemap管理"
        },
        {
          "name": "robots",
          "title": "Robots管理"
        },
        {
          "name": "link",
          "title": "友情链接管理"
        },
        {
          "name": "comment",
          "title": "评论管理"
        },
        {
          "name": "anchor",
          "title": "锚文本管理"
        },
        {
          "name": "guestbook",
          "title": "留言管理"
        },
        {
          "name": "keyword",
          "title": "关键词库管理"
        },
        {
          "name": "material",
          "title": "内容素材管理"
        },
        {
          "name": "fileupload",
          "title": "验证文件上传"
        },
        {
          "name": "sendmail",
          "title": "留言邮件提醒"
        }
      ]
    },
    {
      "name": "statistic",
      "title": "数据统计",
      "icon": "layui-icon-chart",
      "list": [
        {
          "name": "system",
          "title": "蜘蛛统计",
          "jump": "/statistic/spider"
        },
        {
          "name": "content",
          "title": "流量统计",
          "jump": "/statistic/traffic"
        },
        {
          "name": "contact",
          "title": "详细记录",
          "jump": "/statistic/detail"
        }
      ]
    },
    {
      "name": "user",
      "title": "管理员",
      "icon": "layui-icon-user",
      "jump": "/user/detail"
    }
  ]
}